iteration,pop_best_eval,mean_eval,median_eval,best_eval,worst_eval,total_interaction_count,total_episode_count
1,20.566431045532227,-294.2015380859375,-308.4164123535156,20.566431045532227,-2724.74609375,21220,251
2,9.428971290588379,-268.473876953125,-219.7753448486328,20.566431045532227,-2724.74609375,35586,402
3,-13.238919258117676,-253.12257385253906,-214.61036682128906,20.566431045532227,-3046.598388671875,48140,553
4,25.898372650146484,-222.2900848388672,-185.4678955078125,25.898372650146484,-3046.598388671875,60410,704
5,-11.40633487701416,-192.09347534179688,-160.3638916015625,25.898372650146484,-3046.598388671875,72001,855
6,45.9314079284668,-139.6820831298828,-139.59039306640625,45.9314079284668,-3046.598388671875,83811,1006
7,16.9597225189209,-139.38388061523438,-136.62857055664062,45.9314079284668,-3046.598388671875,96360,1157
8,204.67245483398438,-121.48765563964844,-132.19647216796875,204.67245483398438,-3046.598388671875,108316,1308
9,42.704254150390625,-128.3835906982422,-137.56663513183594,204.67245483398438,-3046.598388671875,120801,1459
10,38.25023651123047,-117.45771789550781,-126.13566589355469,204.67245483398438,-4753.50537109375,133764,1610
11,16.702810287475586,-111.10931396484375,-124.21578979492188,204.67245483398438,-5732.35791015625,146106,1761
12,37.16801834106445,-113.52871704101562,-125.30714416503906,204.67245483398438,-5732.35791015625,157665,1912
13,46.59218215942383,-107.05602264404297,-118.598388671875,204.67245483398438,-5732.35791015625,169068,2063
14,234.19747924804688,-111.99999237060547,-128.17205810546875,234.19747924804688,-5732.35791015625,180793,2214
15,47.13547134399414,-107.87545776367188,-122.3766098022461,234.19747924804688,-5732.35791015625,192525,2365
16,28.433629989624023,-105.98269653320312,-119.18995666503906,234.19747924804688,-5732.35791015625,204354,2516
17,34.27725601196289,-110.88432312011719,-124.98888397216797,234.19747924804688,-5732.35791015625,216434,2667
18,66.19490051269531,-110.06402587890625,-119.4017562866211,234.19747924804688,-5732.35791015625,228977,2818
19,231.20077514648438,-107.11365509033203,-125.12411499023438,234.19747924804688,-5732.35791015625,241482,2969
20,51.01820373535156,-103.62450408935547,-120.01852416992188,234.19747924804688,-5732.35791015625,253079,3120
21,21.20596694946289,-102.62144470214844,-115.71621704101562,234.19747924804688,-5732.35791015625,265568,3271
22,209.01425170898438,-113.83687591552734,-123.0782470703125,234.19747924804688,-5732.35791015625,276997,3422
23,40.40064239501953,-108.11311340332031,-120.44353485107422,234.19747924804688,-5732.35791015625,289048,3573
24,18.44622039794922,-113.31448364257812,-122.13628387451172,234.19747924804688,-5732.35791015625,300780,3724
25,260.48382568359375,-93.7940902709961,-115.33406829833984,260.48382568359375,-5732.35791015625,312724,3875
26,40.21347427368164,-107.65189361572266,-116.51991271972656,260.48382568359375,-5732.35791015625,324423,4026
27,44.22477722167969,-108.00349426269531,-122.53709411621094,260.48382568359375,-5732.35791015625,336090,4177
28,269.6429748535156,-101.5296401977539,-114.461669921875,269.6429748535156,-5732.35791015625,348389,4328
29,40.131065368652344,-103.31118774414062,-116.39203643798828,269.6429748535156,-5732.35791015625,359769,4479
30,57.973594665527344,-113.16572570800781,-126.04673767089844,269.6429748535156,-5732.35791015625,372425,4630
31,249.4019012451172,-99.94754791259766,-117.8266830444336,269.6429748535156,-5732.35791015625,384063,4781
32,56.50398254394531,-102.84259796142578,-114.1588134765625,269.6429748535156,-5732.35791015625,396925,4932
33,254.42005920410156,-89.69255828857422,-103.08649444580078,269.6429748535156,-5732.35791015625,408858,5083
34,262.8854064941406,-90.38246154785156,-108.82403564453125,269.6429748535156,-5732.35791015625,421300,5234
35,291.9429931640625,-84.73986053466797,-101.65003967285156,291.9429931640625,-5732.35791015625,434101,5385
36,230.2079315185547,-86.16207122802734,-102.3487548828125,291.9429931640625,-5732.35791015625,447002,5536
37,254.793701171875,-99.25425720214844,-111.59453582763672,291.9429931640625,-5732.35791015625,460427,5687
38,275.2409362792969,-74.76248931884766,-96.7986831665039,291.9429931640625,-5732.35791015625,473796,5838
39,282.0792541503906,-71.19926452636719,-91.22651672363281,291.9429931640625,-5732.35791015625,488076,5989
40,283.8085021972656,-61.177101135253906,-74.24671173095703,291.9429931640625,-5732.35791015625,502009,6140
41,281.5840759277344,-66.52326965332031,-83.65489959716797,291.9429931640625,-5732.35791015625,515748,6291
42,234.82652282714844,-83.51008605957031,-94.65227508544922,291.9429931640625,-5732.35791015625,530422,6442
43,284.59759521484375,-76.46054077148438,-91.59730529785156,291.9429931640625,-5732.35791015625,544837,6593
44,235.9237060546875,-71.39019775390625,-89.10812377929688,291.9429931640625,-5732.35791015625,559022,6744
45,268.9288024902344,-69.8113784790039,-88.44021606445312,291.9429931640625,-5732.35791015625,573069,6895
46,272.33258056640625,-65.55603790283203,-87.9391860961914,291.9429931640625,-5732.35791015625,586116,7046
47,55.05020523071289,-77.19515991210938,-90.90618133544922,291.9429931640625,-5732.35791015625,599184,7197
48,214.175537109375,-78.2216567993164,-89.40699768066406,291.9429931640625,-5732.35791015625,613159,7348
49,51.57897186279297,-95.94119262695312,-108.64794921875,291.9429931640625,-5732.35791015625,626919,7499
50,269.8722229003906,-59.7478141784668,-76.60986328125,291.9429931640625,-5732.35791015625,640812,7650
51,266.2879638671875,-76.34040069580078,-95.66378784179688,291.9429931640625,-5732.35791015625,654121,7801
52,284.6227111816406,-76.10575103759766,-103.4873275756836,291.9429931640625,-5732.35791015625,668113,7952
53,234.30184936523438,-85.219970703125,-103.94034576416016,291.9429931640625,-5732.35791015625,682028,8103
54,145.0645751953125,-90.96220397949219,-111.0173110961914,291.9429931640625,-5732.35791015625,697219,8254
55,250.07142639160156,-74.35287475585938,-91.4078598022461,291.9429931640625,-5732.35791015625,711709,8405
56,250.2510986328125,-80.84724426269531,-99.8416519165039,291.9429931640625,-5732.35791015625,724781,8556
57,282.2578125,-70.77567291259766,-74.09403991699219,291.9429931640625,-5732.35791015625,738686,8707
58,287.03643798828125,-54.25967788696289,-78.26395416259766,291.9429931640625,-5732.35791015625,752915,8858
59,272.0912780761719,-89.70121765136719,-99.66069030761719,291.9429931640625,-5732.35791015625,767806,9009
60,262.9380798339844,-69.20181274414062,-74.6490478515625,291.9429931640625,-5732.35791015625,782674,9160
61,275.36669921875,-49.5428352355957,-72.90847778320312,291.9429931640625,-5732.35791015625,797083,9311
62,238.46043395996094,-77.82991790771484,-97.88654327392578,291.9429931640625,-5732.35791015625,811402,9462
63,274.425048828125,-55.522186279296875,-79.26348114013672,291.9429931640625,-5732.35791015625,826717,9613
64,237.26329040527344,-59.47464370727539,-76.07575988769531,291.9429931640625,-5732.35791015625,841339,9764
65,283.8805236816406,-53.04301452636719,-74.65834045410156,291.9429931640625,-5732.35791015625,855936,9915
66,239.9990692138672,-64.89474487304688,-81.31448364257812,291.9429931640625,-5732.35791015625,869666,10066
67,240.1685028076172,-67.23344421386719,-82.90411376953125,291.9429931640625,-5732.35791015625,884200,10217
68,227.77069091796875,-75.4943618774414,-86.0492935180664,291.9429931640625,-5732.35791015625,900310,10368
69,259.9856262207031,-70.27735137939453,-80.87196350097656,291.9429931640625,-5732.35791015625,915068,10519
70,241.89501953125,-68.70913696289062,-83.16735076904297,291.9429931640625,-5732.35791015625,929173,10670
71,267.51031494140625,-52.8418083190918,-71.78837585449219,291.9429931640625,-5732.35791015625,944160,10821
72,276.3157653808594,-58.95100402832031,-77.3714828491211,291.9429931640625,-5732.35791015625,959737,10972
73,269.0850830078125,-51.095829010009766,-64.87834930419922,291.9429931640625,-5732.35791015625,973521,11123
74,256.5975341796875,-40.71315002441406,-56.195213317871094,291.9429931640625,-5732.35791015625,986917,11274
75,270.5403747558594,-52.50545883178711,-63.023258209228516,291.9429931640625,-5732.35791015625,1002493,11425
76,266.4132080078125,-55.897518157958984,-60.25041580200195,291.9429931640625,-5732.35791015625,1017051,11576
77,267.75946044921875,-39.72117233276367,-58.64930725097656,291.9429931640625,-5732.35791015625,1033044,11727
78,270.47235107421875,-52.493751525878906,-76.93657684326172,291.9429931640625,-5732.35791015625,1048492,11878
79,279.0942077636719,-37.343997955322266,-48.70903396606445,291.9429931640625,-5732.35791015625,1063690,12029
80,275.26287841796875,-39.59980773925781,-50.9517936706543,291.9429931640625,-5732.35791015625,1078555,12180
81,287.3278503417969,-41.027584075927734,-59.122283935546875,291.9429931640625,-5732.35791015625,1094417,12331
82,287.1400146484375,-53.20977020263672,-76.90925598144531,291.9429931640625,-5732.35791015625,1110833,12482
83,245.99720764160156,-50.7250862121582,-71.16642761230469,291.9429931640625,-5732.35791015625,1126142,12633
84,281.30322265625,-42.40827941894531,-61.21516799926758,291.9429931640625,-5732.35791015625,1142557,12784
85,273.24371337890625,-50.931026458740234,-60.89460754394531,291.9429931640625,-5732.35791015625,1157889,12935
86,278.1354675292969,-48.69569396972656,-65.84561157226562,291.9429931640625,-5732.35791015625,1173092,13086
87,284.40509033203125,-49.96022033691406,-60.59520721435547,291.9429931640625,-5732.35791015625,1187949,13237
88,256.7652587890625,-54.30735397338867,-67.60814666748047,291.9429931640625,-5732.35791015625,1202727,13388
89,280.6534118652344,-44.82387161254883,-42.69438934326172,291.9429931640625,-5732.35791015625,1217353,13539
90,264.4066162109375,-56.10775375366211,-67.2275390625,291.9429931640625,-5732.35791015625,1232407,13690
91,235.41746520996094,-56.08320617675781,-64.72534942626953,291.9429931640625,-5732.35791015625,1245818,13841
92,267.7174072265625,-41.50327682495117,-61.24890899658203,291.9429931640625,-5732.35791015625,1260742,13992
93,254.8031768798828,-69.5921859741211,-79.64720916748047,291.9429931640625,-5732.35791015625,1276003,14143
94,278.7697448730469,-68.91182708740234,-77.46517181396484,291.9429931640625,-5732.35791015625,1290735,14294
95,290.0777282714844,-72.31436157226562,-86.2774429321289,291.9429931640625,-5732.35791015625,1304842,14445
96,284.6269226074219,-68.90003204345703,-89.64627838134766,291.9429931640625,-5732.35791015625,1318551,14596
97,275.76593017578125,-46.354248046875,-78.90638732910156,291.9429931640625,-5732.35791015625,1333543,14747
98,253.3023223876953,-44.6900520324707,-57.709571838378906,291.9429931640625,-5732.35791015625,1348005,14898
99,281.49005126953125,-42.688045501708984,-43.01219940185547,291.9429931640625,-5732.35791015625,1362457,15049
100,255.61509704589844,-68.04174041748047,-82.03168487548828,291.9429931640625,-5732.35791015625,1377248,15200
101,278.4337158203125,-41.845184326171875,-57.12023162841797,291.9429931640625,-5732.35791015625,1392712,15351
102,277.2851257324219,-38.453697204589844,-55.90137481689453,291.9429931640625,-5732.35791015625,1407523,15502
103,292.925537109375,-56.476966857910156,-61.88072204589844,292.925537109375,-5732.35791015625,1422264,15653
104,280.249755859375,-51.42482376098633,-61.57370376586914,292.925537109375,-5732.35791015625,1436230,15804
105,257.74169921875,-58.07259750366211,-65.93389129638672,292.925537109375,-5732.35791015625,1450331,15955
106,251.37503051757812,-45.865360260009766,-55.929771423339844,292.925537109375,-5732.35791015625,1464601,16106
107,296.04144287109375,-43.18830871582031,-63.71073532104492,296.04144287109375,-5732.35791015625,1479005,16257
108,293.9764709472656,-43.819427490234375,-61.63911819458008,296.04144287109375,-5732.35791015625,1494194,16408
109,275.5419921875,-38.9599609375,-71.43854522705078,296.04144287109375,-5732.35791015625,1510285,16559
110,279.0751647949219,-26.82672691345215,-50.499603271484375,296.04144287109375,-5732.35791015625,1526035,16710
111,252.6779327392578,-67.31916809082031,-78.46595764160156,296.04144287109375,-5732.35791015625,1540377,16861
112,246.70191955566406,-58.922245025634766,-69.3583984375,296.04144287109375,-5732.35791015625,1555043,17012
113,264.7579650878906,-50.18748474121094,-63.29365921020508,296.04144287109375,-5732.35791015625,1569473,17163
114,262.8708190917969,-45.05854034423828,-68.33506774902344,296.04144287109375,-5732.35791015625,1583729,17314
115,283.26788330078125,-31.37970733642578,-48.22344970703125,296.04144287109375,-5732.35791015625,1599035,17465
116,232.76260375976562,-50.78428268432617,-63.98482131958008,296.04144287109375,-5732.35791015625,1612960,17616
117,267.4366149902344,-47.0503044128418,-58.50509262084961,296.04144287109375,-5732.35791015625,1628355,17767
118,272.6908874511719,-31.40829849243164,-41.43735885620117,296.04144287109375,-5732.35791015625,1642539,17918
119,258.8464050292969,-47.6142578125,-53.01615905761719,296.04144287109375,-5732.35791015625,1656644,18069
120,286.298583984375,-39.56074523925781,-52.54006576538086,296.04144287109375,-5732.35791015625,1671409,18220
121,274.00830078125,-59.941524505615234,-61.740291595458984,296.04144287109375,-5732.35791015625,1685192,18371
122,239.69845581054688,-37.668495178222656,-43.854270935058594,296.04144287109375,-5732.35791015625,1699495,18522
123,240.8974151611328,-39.88352584838867,-45.0809326171875,296.04144287109375,-5732.35791015625,1713652,18673
124,273.1567687988281,-47.268192291259766,-56.521446228027344,296.04144287109375,-5732.35791015625,1728067,18824
125,258.53387451171875,-53.77767562866211,-68.9131088256836,296.04144287109375,-5732.35791015625,1742322,18975
126,254.10165405273438,-52.128902435302734,-69.59695434570312,296.04144287109375,-5732.35791015625,1758105,19126
127,227.144775390625,-68.59142303466797,-75.39517211914062,296.04144287109375,-5732.35791015625,1772155,19277
128,266.7010498046875,-44.281761169433594,-53.3634033203125,296.04144287109375,-5732.35791015625,1787245,19428
129,237.2268524169922,-44.03018569946289,-57.42982482910156,296.04144287109375,-5732.35791015625,1801186,19579
130,273.6223449707031,-48.96644973754883,-55.9194221496582,296.04144287109375,-5732.35791015625,1814839,19730
131,281.6640319824219,-48.4601936340332,-61.85260009765625,296.04144287109375,-5732.35791015625,1829037,19881
132,286.0972900390625,-48.127235412597656,-65.47650909423828,296.04144287109375,-5732.35791015625,1844540,20032
133,283.4317626953125,-39.71110534667969,-57.32445526123047,296.04144287109375,-5732.35791015625,1860786,20183
134,253.72848510742188,-62.48064422607422,-85.64896392822266,296.04144287109375,-5732.35791015625,1876120,20334
135,263.86590576171875,-44.133094787597656,-55.841827392578125,296.04144287109375,-5732.35791015625,1891157,20485
136,274.49285888671875,-43.282806396484375,-62.746646881103516,296.04144287109375,-5732.35791015625,1907543,20636
137,262.1788330078125,-52.42488098144531,-67.65624237060547,296.04144287109375,-5732.35791015625,1922895,20787
138,268.9316101074219,-47.789608001708984,-61.176143646240234,296.04144287109375,-5732.35791015625,1938342,20938
139,275.2358093261719,-29.168798446655273,-64.48567199707031,296.04144287109375,-5732.35791015625,1954430,21089
140,244.65687561035156,-62.336910247802734,-71.65219116210938,296.04144287109375,-5732.35791015625,1969581,21240
141,269.74725341796875,-40.64261245727539,-69.77042388916016,296.04144287109375,-5732.35791015625,1984773,21391
142,260.5901184082031,-65.8058090209961,-73.88613891601562,296.04144287109375,-5732.35791015625,1998621,21542
143,271.38873291015625,-61.63789367675781,-77.64273834228516,296.04144287109375,-5732.35791015625,2012349,21693
144,255.22210693359375,-67.40188598632812,-78.59209442138672,296.04144287109375,-5732.35791015625,2025757,21844
145,275.59375,-47.32575607299805,-67.01692199707031,296.04144287109375,-5732.35791015625,2039689,21995
146,271.2071533203125,-45.5073356628418,-68.81938934326172,296.04144287109375,-5732.35791015625,2053915,22146
147,62.78565979003906,-59.03042984008789,-65.11553955078125,296.04144287109375,-5732.35791015625,2066964,22297
148,239.3990478515625,-60.33452606201172,-66.02241516113281,296.04144287109375,-5732.35791015625,2080182,22448
149,273.90411376953125,-35.36716079711914,-52.02254867553711,296.04144287109375,-5732.35791015625,2094874,22599
150,283.2606506347656,-47.799110412597656,-58.26277160644531,296.04144287109375,-5732.35791015625,2109299,22750
151,284.23052978515625,-43.26302719116211,-57.987510681152344,296.04144287109375,-5732.35791015625,2123764,22901
152,250.2266845703125,-57.31080627441406,-69.51021575927734,296.04144287109375,-5732.35791015625,2138065,23052
153,244.26873779296875,-54.271846771240234,-59.33048629760742,296.04144287109375,-5732.35791015625,2152060,23203
154,253.06863403320312,-51.18185043334961,-66.21261596679688,296.04144287109375,-5732.35791015625,2166589,23354
155,278.63848876953125,-35.927757263183594,-60.47841262817383,296.04144287109375,-5732.35791015625,2180972,23505
156,254.3587188720703,-56.807342529296875,-65.83038330078125,296.04144287109375,-5732.35791015625,2194517,23656
157,270.80157470703125,-40.318782806396484,-55.89915466308594,296.04144287109375,-5732.35791015625,2208160,23807
158,267.1612243652344,-39.147342681884766,-66.2353286743164,296.04144287109375,-5732.35791015625,2223000,23958
159,258.0740661621094,-45.909202575683594,-68.13925170898438,296.04144287109375,-5732.35791015625,2236652,24109
160,252.50656127929688,-38.59123229980469,-54.463008880615234,296.04144287109375,-5732.35791015625,2250095,24260
161,283.8064270019531,-36.99540328979492,-57.83370590209961,296.04144287109375,-5732.35791015625,2263770,24411
162,239.2345428466797,-52.0968132019043,-69.12354278564453,296.04144287109375,-5732.35791015625,2277109,24562
163,265.06805419921875,-50.8793830871582,-67.16353607177734,296.04144287109375,-5732.35791015625,2290638,24713
164,279.8554992675781,-31.34484100341797,-47.13638687133789,296.04144287109375,-5732.35791015625,2305139,24864
165,266.9830017089844,-42.582611083984375,-60.65182113647461,296.04144287109375,-5732.35791015625,2319597,25015
166,277.6512451171875,-45.20490264892578,-58.15104293823242,296.04144287109375,-5732.35791015625,2333537,25166
167,290.7969970703125,-50.758827209472656,-58.001556396484375,296.04144287109375,-5732.35791015625,2347799,25317
168,253.91204833984375,-47.25062942504883,-56.58838653564453,296.04144287109375,-5732.35791015625,2361036,25468
169,255.1259307861328,-33.07976531982422,-47.21834182739258,296.04144287109375,-5732.35791015625,2375586,25619
170,253.46189880371094,-53.838829040527344,-60.17000198364258,296.04144287109375,-5732.35791015625,2389083,25770
171,276.186767578125,-41.12748718261719,-63.55345153808594,296.04144287109375,-5732.35791015625,2402745,25921
172,257.258544921875,-48.38668441772461,-61.155426025390625,296.04144287109375,-5732.35791015625,2416710,26072
173,290.6405334472656,-45.37831115722656,-56.592041015625,296.04144287109375,-5732.35791015625,2430736,26223
174,280.9811096191406,-21.036897659301758,-39.848934173583984,296.04144287109375,-5732.35791015625,2445063,26374
175,280.9259033203125,-37.09489059448242,-56.0294075012207,296.04144287109375,-5732.35791015625,2459546,26525
176,268.2923889160156,-42.281063079833984,-59.019378662109375,296.04144287109375,-5732.35791015625,2473809,26676
177,265.2491149902344,-42.92442321777344,-55.73004150390625,296.04144287109375,-5732.35791015625,2487668,26827
178,282.6103820800781,-27.14313507080078,-56.99725341796875,296.04144287109375,-5732.35791015625,2502442,26978
179,283.0519104003906,-50.02052688598633,-74.65715789794922,296.04144287109375,-5732.35791015625,2515816,27129
180,263.47607421875,-41.1302604675293,-62.5478401184082,296.04144287109375,-5732.35791015625,2530104,27280
181,282.8412170410156,-12.411038398742676,-32.58230972290039,296.04144287109375,-5732.35791015625,2545298,27431
182,280.5401916503906,-28.473190307617188,-51.480525970458984,296.04144287109375,-5732.35791015625,2559147,27582
183,286.41571044921875,-27.731124877929688,-44.38386917114258,296.04144287109375,-5732.35791015625,2572842,27733
184,284.6924133300781,-33.10060501098633,-56.520416259765625,296.04144287109375,-5732.35791015625,2586409,27884
185,252.44309997558594,-31.436861038208008,-43.32251739501953,296.04144287109375,-5732.35791015625,2600118,28035
186,242.56716918945312,-39.918365478515625,-56.08445739746094,296.04144287109375,-5732.35791015625,2614757,28186
187,289.0240173339844,-43.26126480102539,-67.42457580566406,296.04144287109375,-5732.35791015625,2629433,28337
188,257.08258056640625,-32.0550651550293,-58.01375198364258,296.04144287109375,-5732.35791015625,2644716,28488
189,277.5511169433594,-4.238156318664551,-43.67864990234375,296.04144287109375,-5732.35791015625,2662841,28639
190,286.6972961425781,-14.715845108032227,-54.98200607299805,296.04144287109375,-5732.35791015625,2679723,28790
191,282.3000793457031,-15.8923978805542,-33.52946090698242,296.04144287109375,-5732.35791015625,2695736,28941
192,272.078857421875,-16.711767196655273,-51.43120574951172,296.04144287109375,-5732.35791015625,2711048,29092
193,267.9600524902344,-3.2110581398010254,-35.19111251831055,296.04144287109375,-5732.35791015625,2726655,29243
194,283.2513122558594,-14.086430549621582,-37.918033599853516,296.04144287109375,-5732.35791015625,2743001,29394
195,294.935546875,-2.329725980758667,-29.097200393676758,296.04144287109375,-5732.35791015625,2759337,29545
196,263.30584716796875,-8.013754844665527,-33.836307525634766,296.04144287109375,-5732.35791015625,2775328,29696
197,289.2911682128906,-27.82561683654785,-53.74911880493164,296.04144287109375,-5732.35791015625,2791248,29847
198,265.1545104980469,-19.75400733947754,-40.84269714355469,296.04144287109375,-5732.35791015625,2806692,29998
199,279.2650146484375,-27.031763076782227,-52.01143264770508,296.04144287109375,-5732.35791015625,2821982,30149
200,272.6668395996094,-14.75943374633789,-39.95686340332031,296.04144287109375,-5732.35791015625,2838350,30300
201,285.9888916015625,-29.609968185424805,-49.31171417236328,296.04144287109375,-5732.35791015625,2853982,30451
202,277.7290344238281,-21.774517059326172,-50.049461364746094,296.04144287109375,-5732.35791015625,2869806,30602
203,263.7665100097656,-8.045876502990723,-37.851810455322266,296.04144287109375,-5732.35791015625,2885897,30753
204,277.170166015625,-1.3909213542938232,-36.1403694152832,296.04144287109375,-5732.35791015625,2903372,30904
205,267.1234436035156,-25.726625442504883,-48.40681076049805,296.04144287109375,-5732.35791015625,2920788,31055
206,284.79046630859375,-24.142728805541992,-45.61827087402344,296.04144287109375,-5732.35791015625,2936536,31206
207,276.04736328125,-10.215004920959473,-39.551273345947266,296.04144287109375,-5732.35791015625,2953070,31357
208,293.94561767578125,-7.923658847808838,-37.17417526245117,296.04144287109375,-5732.35791015625,2971315,31508
209,271.6113586425781,-14.231293678283691,-42.735504150390625,296.04144287109375,-5732.35791015625,2987961,31659
210,296.2850646972656,-6.550020694732666,-42.90250778198242,296.2850646972656,-5732.35791015625,3004458,31810
211,292.9784240722656,-3.5460119247436523,-31.50678825378418,296.2850646972656,-5732.35791015625,3020610,31961
212,273.5228576660156,-24.28588104248047,-46.60594940185547,296.2850646972656,-5732.35791015625,3034582,32112
213,267.007568359375,6.242510795593262,-26.73754119873047,296.2850646972656,-5732.35791015625,3050880,32263
214,280.5249328613281,-9.288971900939941,-43.29496383666992,296.2850646972656,-5732.35791015625,3066480,32414
215,278.68115234375,-3.853046178817749,-25.187984466552734,296.2850646972656,-5732.35791015625,3081980,32565
216,277.451416015625,-31.00713539123535,-41.84794998168945,296.2850646972656,-5732.35791015625,3096316,32716
217,267.3517150878906,-28.94266128540039,-41.93895721435547,296.2850646972656,-5732.35791015625,3109851,32867
218,272.2203063964844,-13.706406593322754,-37.718528747558594,296.2850646972656,-5732.35791015625,3124620,33018
219,275.4125061035156,-14.146317481994629,-46.245304107666016,296.2850646972656,-5732.35791015625,3139855,33169
220,259.5020751953125,-39.86198425292969,-57.21179962158203,296.2850646972656,-5732.35791015625,3153953,33320
221,281.40374755859375,-23.045429229736328,-46.39321517944336,296.2850646972656,-5732.35791015625,3168727,33471
222,282.225830078125,-11.425579071044922,-38.070587158203125,296.2850646972656,-5732.35791015625,3184810,33622
223,268.7428894042969,-20.81403160095215,-40.72085952758789,296.2850646972656,-5732.35791015625,3199266,33773
224,270.69091796875,7.884471416473389,-14.428921699523926,296.2850646972656,-5732.35791015625,3214878,33924
225,286.6337585449219,4.904078960418701,-27.04483413696289,296.2850646972656,-5732.35791015625,3230747,34075
226,281.47039794921875,8.015386581420898,-28.250457763671875,296.2850646972656,-5732.35791015625,3247614,34226
227,274.2418518066406,-6.584872245788574,-41.90983581542969,296.2850646972656,-5732.35791015625,3263357,34377
228,299.5697326660156,-10.071324348449707,-35.15027618408203,299.5697326660156,-5732.35791015625,3278733,34528
229,281.9093933105469,0.0051263426430523396,-39.452213287353516,299.5697326660156,-5732.35791015625,3295002,34679
230,286.4018859863281,1.1787348985671997,-34.35188674926758,299.5697326660156,-5732.35791015625,3312558,34830
231,280.2940673828125,-2.711939811706543,-43.52911376953125,299.5697326660156,-5732.35791015625,3329139,34981
232,265.36151123046875,-24.755451202392578,-51.580684661865234,299.5697326660156,-5732.35791015625,3344196,35132
233,273.7870788574219,11.148092269897461,-28.199918746948242,299.5697326660156,-5732.35791015625,3362886,35283
234,316.6666564941406,18.42860984802246,-8.376532554626465,316.6666564941406,-5732.35791015625,3380149,35434
235,277.2886657714844,24.9465274810791,-13.398038864135742,316.6666564941406,-5732.35791015625,3398425,35585
236,271.5408630371094,5.302463531494141,-24.119773864746094,316.6666564941406,-5732.35791015625,3415234,35736
237,276.812255859375,-5.035590171813965,-29.879005432128906,316.6666564941406,-5732.35791015625,3431725,35887
238,288.0657653808594,16.1859188079834,-19.547832489013672,316.6666564941406,-5732.35791015625,3449512,36038
239,290.3440856933594,23.520994186401367,-22.364229202270508,316.6666564941406,-5732.35791015625,3465476,36189
240,276.5816955566406,-7.311793327331543,-29.479665756225586,316.6666564941406,-5732.35791015625,3480606,36340
241,278.4261169433594,13.524781227111816,-24.800338745117188,316.6666564941406,-5732.35791015625,3497001,36491
242,283.30767822265625,18.691055297851562,-20.813657760620117,316.6666564941406,-5732.35791015625,3512836,36642
243,283.09991455078125,-10.028278350830078,-50.03328323364258,316.6666564941406,-5732.35791015625,3528862,36793
244,277.92584228515625,-6.328101634979248,-49.11256408691406,316.6666564941406,-5732.35791015625,3547058,36944
245,274.0414123535156,23.002111434936523,-23.299156188964844,316.6666564941406,-5732.35791015625,3565423,37095
246,277.94091796875,26.93832778930664,-17.950475692749023,316.6666564941406,-5732.35791015625,3585541,37246
247,287.11346435546875,21.399396896362305,-24.466285705566406,316.6666564941406,-5732.35791015625,3602948,37397
248,287.1996154785156,18.46969223022461,-20.270578384399414,316.6666564941406,-5732.35791015625,3621631,37548
249,289.93817138671875,17.02432632446289,-28.73259735107422,316.6666564941406,-5732.35791015625,3639873,37699
250,279.6551513671875,64.7363510131836,-1.4576455354690552,316.6666564941406,-5732.35791015625,3659658,37850
251,290.13519287109375,42.96543884277344,-16.73824691772461,316.6666564941406,-5732.35791015625,3679409,38001
252,285.82513427734375,27.520030975341797,-30.92856216430664,316.6666564941406,-5732.35791015625,3699474,38152
253,302.2677917480469,66.68292236328125,-1.1571887731552124,316.6666564941406,-5732.35791015625,3721004,38303
254,284.7198181152344,40.92295837402344,-22.169174194335938,316.6666564941406,-5732.35791015625,3739280,38454
255,293.5184326171875,44.86650848388672,-18.350372314453125,316.6666564941406,-5732.35791015625,3759434,38605
256,292.70404052734375,60.9377555847168,-8.230841636657715,316.6666564941406,-5732.35791015625,3779635,38756
257,295.6792297363281,59.48598098754883,-0.8589539527893066,316.6666564941406,-5732.35791015625,3799140,38907
258,294.34063720703125,87.74888610839844,11.864007949829102,316.6666564941406,-5732.35791015625,3819928,39058
259,290.2286071777344,62.879608154296875,1.0482960939407349,316.6666564941406,-5732.35791015625,3839307,39209
260,287.75872802734375,30.041759490966797,-14.083916664123535,316.6666564941406,-5732.35791015625,3856530,39360
261,275.5357971191406,48.5673713684082,-0.34661009907722473,316.6666564941406,-5732.35791015625,3874827,39511
262,283.26849365234375,37.7320556640625,-21.12623405456543,316.6666564941406,-5732.35791015625,3894235,39662
263,287.8455810546875,33.517616271972656,-12.128389358520508,316.6666564941406,-5732.35791015625,3912532,39813
264,319.102783203125,35.89662551879883,-20.658641815185547,319.102783203125,-5732.35791015625,3931182,39964
265,283.36907958984375,38.12920379638672,-16.111291885375977,319.102783203125,-5732.35791015625,3949604,40115
266,313.1368103027344,67.85147094726562,6.626406669616699,319.102783203125,-5732.35791015625,3970428,40266
267,281.9330139160156,53.49142074584961,-10.388381004333496,319.102783203125,-5732.35791015625,3989097,40417
268,291.07305908203125,53.7354736328125,-9.14979362487793,319.102783203125,-5732.35791015625,4009743,40568
269,283.6063232421875,31.272886276245117,-16.642253875732422,319.102783203125,-5732.35791015625,4029920,40719
270,291.6884765625,53.995819091796875,-0.8846051096916199,319.102783203125,-5732.35791015625,4049784,40870
271,291.0732116699219,53.83588790893555,-4.326493263244629,319.102783203125,-5732.35791015625,4073181,41021
272,285.6278991699219,58.59123992919922,4.029001712799072,319.102783203125,-5732.35791015625,4096089,41172
273,315.491943359375,46.408103942871094,-10.604715347290039,319.102783203125,-5732.35791015625,4119208,41323
274,290.23211669921875,29.284826278686523,-19.38994026184082,319.102783203125,-5732.35791015625,4140449,41474
275,285.90936279296875,26.34679412841797,-23.461519241333008,319.102783203125,-5732.35791015625,4159913,41625
276,281.4906921386719,43.702274322509766,-5.627787113189697,319.102783203125,-5732.35791015625,4182734,41776
277,272.39739990234375,55.29319763183594,-1.4183197021484375,319.102783203125,-5732.35791015625,4204933,41927
278,311.9287414550781,61.53425598144531,-5.307973384857178,319.102783203125,-5732.35791015625,4228924,42078
279,315.23492431640625,41.6993408203125,-12.6343994140625,319.102783203125,-5732.35791015625,4249466,42229
280,289.1059875488281,61.691062927246094,-0.21709966659545898,319.102783203125,-5732.35791015625,4274811,42380
281,276.9814758300781,50.7861213684082,-1.4387080669403076,319.102783203125,-5732.35791015625,4297285,42531
282,291.70599365234375,40.42709732055664,-11.86942195892334,319.102783203125,-5732.35791015625,4319529,42682
283,300.29962158203125,40.67451095581055,-22.437326431274414,319.102783203125,-5732.35791015625,4340793,42833
284,311.6586608886719,33.46638488769531,-23.595096588134766,319.102783203125,-5732.35791015625,4364056,42984
285,303.352294921875,61.825279235839844,8.100358009338379,319.102783203125,-5732.35791015625,4384191,43135
286,295.7879333496094,44.476036071777344,-5.124184608459473,319.102783203125,-5732.35791015625,4404165,43286
287,297.8223876953125,27.90471649169922,-22.972192764282227,319.102783203125,-5732.35791015625,4421751,43437
288,284.0487060546875,31.455699920654297,-15.299116134643555,319.102783203125,-5732.35791015625,4443035,43588
289,313.4111328125,40.27326583862305,-14.040803909301758,319.102783203125,-5732.35791015625,4466348,43739
290,304.249755859375,51.442344665527344,-15.110551834106445,319.102783203125,-5732.35791015625,4489720,43890
291,280.2750549316406,42.32185363769531,-9.64274787902832,319.102783203125,-5732.35791015625,4512684,44041
292,295.01763916015625,39.75199508666992,-16.20171546936035,319.102783203125,-5732.35791015625,4532711,44192
293,293.4228515625,68.36531829833984,8.13332748413086,319.102783203125,-5732.35791015625,4555806,44343
294,293.9698486328125,75.90837860107422,4.923032760620117,319.102783203125,-5732.35791015625,4580966,44494
295,299.0070495605469,60.153663635253906,-3.3288207054138184,319.102783203125,-5732.35791015625,4600721,44645
296,310.8249816894531,85.02496337890625,9.996088027954102,319.102783203125,-5732.35791015625,4624129,44796
297,280.67529296875,61.427974700927734,-0.7659659385681152,319.102783203125,-5732.35791015625,4644038,44947
298,307.7151184082031,63.39775085449219,8.172472953796387,319.102783203125,-5732.35791015625,4664931,45098
299,292.31524658203125,37.06520462036133,-8.125003814697266,319.102783203125,-5732.35791015625,4684471,45249
300,294.2897644042969,51.621768951416016,-5.8927459716796875,319.102783203125,-5732.35791015625,4704247,45400
301,292.2721862792969,81.69004821777344,19.903718948364258,319.102783203125,-5732.35791015625,4727845,45551
302,301.4278564453125,79.6307144165039,15.470379829406738,319.102783203125,-5732.35791015625,4748012,45702
303,285.4102783203125,68.34443664550781,14.850512504577637,319.102783203125,-5732.35791015625,4768488,45853
304,283.0837707519531,62.56434631347656,5.931588649749756,319.102783203125,-5732.35791015625,4790230,46004
305,288.3843994140625,46.02857971191406,-3.1908047199249268,319.102783203125,-5732.35791015625,4809529,46155
306,316.9306335449219,74.69097900390625,14.31919002532959,319.102783203125,-5732.35791015625,4832412,46306
307,301.31768798828125,88.40910339355469,24.29435157775879,319.102783203125,-5732.35791015625,4856394,46457
308,283.9329528808594,63.13322448730469,4.964986801147461,319.102783203125,-5732.35791015625,4877966,46608
309,290.66973876953125,89.63571166992188,24.427156448364258,319.102783203125,-5732.35791015625,4902593,46759
310,286.17950439453125,115.67770385742188,88.94487762451172,319.102783203125,-5732.35791015625,4932514,46910
311,289.52923583984375,90.01647186279297,25.117422103881836,319.102783203125,-5732.35791015625,4960610,47061
312,296.072509765625,73.12724304199219,10.40432071685791,319.102783203125,-5732.35791015625,4983089,47212
313,289.2439270019531,96.10975646972656,23.33907127380371,319.102783203125,-5732.35791015625,5010073,47363
314,291.7497253417969,110.91905975341797,42.56516647338867,319.102783203125,-5732.35791015625,5035769,47514
315,290.9779968261719,72.54489135742188,8.040144920349121,319.102783203125,-5732.35791015625,5058926,47665
316,279.4851989746094,81.67122650146484,14.535468101501465,319.102783203125,-5732.35791015625,5086098,47816
317,299.9986877441406,84.2884292602539,13.867339134216309,319.102783203125,-5732.35791015625,5111099,47967
318,287.0681457519531,136.79859924316406,169.86166381835938,319.102783203125,-5732.35791015625,5144608,48118
319,286.72344970703125,133.52442932128906,177.4175567626953,319.102783203125,-5732.35791015625,5175377,48269
320,315.1944885253906,100.51802825927734,20.978992462158203,319.102783203125,-5732.35791015625,5206777,48420
321,309.4483337402344,113.218994140625,45.85470962524414,319.102783203125,-5732.35791015625,5237405,48571
322,321.6944274902344,143.53150939941406,187.46826171875,321.6944274902344,-5732.35791015625,5265984,48722
323,296.6650085449219,154.89007568359375,214.5373992919922,321.6944274902344,-5732.35791015625,5299972,48873
324,307.4603271484375,142.64901733398438,169.80084228515625,321.6944274902344,-5732.35791015625,5336599,49024
325,295.1481628417969,107.12089538574219,30.286609649658203,321.6944274902344,-5732.35791015625,5367990,49175
326,310.329833984375,132.8802490234375,175.20529174804688,321.6944274902344,-5732.35791015625,5395646,49326
327,298.58013916015625,134.76585388183594,180.85321044921875,321.6944274902344,-5732.35791015625,5424853,49477
328,307.2490234375,136.17474365234375,204.4670867919922,321.6944274902344,-5732.35791015625,5454044,49628
329,296.094970703125,148.63021850585938,224.1870574951172,321.6944274902344,-5732.35791015625,5485331,49779
330,322.5904541015625,140.1588134765625,195.4687042236328,322.5904541015625,-5732.35791015625,5521442,49930
331,308.7071838378906,133.31307983398438,163.453857421875,322.5904541015625,-5732.35791015625,5553336,50081
332,296.2480163574219,135.84982299804688,192.73043823242188,322.5904541015625,-5732.35791015625,5583602,50232
333,309.26824951171875,137.06216430664062,164.6760711669922,322.5904541015625,-5732.35791015625,5615415,50383
334,307.09783935546875,175.5615234375,232.70086669921875,322.5904541015625,-5732.35791015625,5647350,50534
335,294.3221435546875,175.4734344482422,241.80357360839844,322.5904541015625,-5732.35791015625,5679581,50685
336,304.68682861328125,160.88275146484375,229.57278442382812,322.5904541015625,-5732.35791015625,5711085,50836
337,301.75921630859375,152.2570343017578,211.16635131835938,322.5904541015625,-5732.35791015625,5748560,50987
338,280.0790100097656,164.04156494140625,218.82923889160156,322.5904541015625,-5732.35791015625,5783572,51138
339,301.97076416015625,158.9003448486328,215.16384887695312,322.5904541015625,-5732.35791015625,5817250,51289
340,299.4022216796875,134.2705535888672,163.50241088867188,322.5904541015625,-5732.35791015625,5852990,51440
341,319.6357116699219,165.78399658203125,229.25196838378906,322.5904541015625,-5732.35791015625,5887192,51591
342,306.2062072753906,143.2227783203125,178.17135620117188,322.5904541015625,-5732.35791015625,5918384,51742
343,313.840576171875,135.79193115234375,166.23965454101562,322.5904541015625,-5732.35791015625,5949844,51893
344,303.12530517578125,158.078125,222.95899963378906,322.5904541015625,-5732.35791015625,5982316,52044
345,319.141357421875,130.34767150878906,95.22631072998047,322.5904541015625,-5732.35791015625,6011847,52195
346,301.90557861328125,137.15155029296875,172.47216796875,322.5904541015625,-5732.35791015625,6039212,52346
347,291.3987731933594,172.15060424804688,236.9375,322.5904541015625,-5732.35791015625,6072808,52497
348,312.4620361328125,147.08433532714844,222.42494201660156,322.5904541015625,-5732.35791015625,6101120,52648
349,318.16650390625,155.1752471923828,218.7881622314453,322.5904541015625,-5732.35791015625,6134142,52799
350,315.9595947265625,104.58621978759766,34.28245544433594,322.5904541015625,-5732.35791015625,6163046,52950
351,320.3251647949219,139.038330078125,165.08444213867188,322.5904541015625,-5732.35791015625,6195350,53101
352,314.09271240234375,150.76486206054688,203.00198364257812,322.5904541015625,-5732.35791015625,6232980,53252
353,303.76715087890625,150.03355407714844,193.5354461669922,322.5904541015625,-5732.35791015625,6265110,53403
354,309.17083740234375,156.04779052734375,224.2548828125,322.5904541015625,-5732.35791015625,6296430,53554
355,299.995849609375,145.04232788085938,206.01431274414062,322.5904541015625,-5732.35791015625,6328980,53705
356,295.30474853515625,154.13768005371094,220.55091857910156,322.5904541015625,-5732.35791015625,6360578,53856
357,304.2742004394531,122.60665130615234,44.83857727050781,322.5904541015625,-5732.35791015625,6386448,54007
358,288.20989990234375,135.09536743164062,162.452392578125,322.5904541015625,-5732.35791015625,6416408,54158
359,312.2968444824219,142.39779663085938,180.87022399902344,322.5904541015625,-5732.35791015625,6451631,54309
360,295.3302917480469,161.4405975341797,230.96414184570312,322.5904541015625,-5732.35791015625,6481107,54460
361,321.1607971191406,187.81617736816406,235.67518615722656,322.5904541015625,-5732.35791015625,6514236,54611
362,303.0595703125,165.82296752929688,228.95565795898438,322.5904541015625,-5732.35791015625,6543545,54762
363,309.21453857421875,166.91073608398438,228.0185546875,322.5904541015625,-5732.35791015625,6573615,54913
364,301.1680908203125,151.508056640625,219.7220916748047,322.5904541015625,-5732.35791015625,6604329,55064
365,298.0707702636719,168.26145935058594,228.8136749267578,322.5904541015625,-5732.35791015625,6637805,55215
366,304.30889892578125,140.13980102539062,186.37660217285156,322.5904541015625,-5732.35791015625,6670772,55366
367,301.0835266113281,160.4218292236328,234.4359588623047,322.5904541015625,-5732.35791015625,6699433,55517
368,301.0623779296875,183.0126190185547,240.9556121826172,322.5904541015625,-5732.35791015625,6730149,55668
369,293.71453857421875,150.94189453125,191.47181701660156,322.5904541015625,-5732.35791015625,6762290,55819
370,321.6767578125,150.8287811279297,201.88035583496094,322.5904541015625,-5732.35791015625,6794905,55970
371,317.3945007324219,150.4720916748047,211.30645751953125,322.5904541015625,-5732.35791015625,6828269,56121
372,311.18865966796875,180.8981475830078,239.66455078125,322.5904541015625,-5732.35791015625,6861021,56272
373,299.9452209472656,170.65536499023438,230.4498291015625,322.5904541015625,-5732.35791015625,6893619,56423
374,297.2572021484375,193.79417419433594,243.41993713378906,322.5904541015625,-5732.35791015625,6925957,56574
375,309.0406494140625,173.52565002441406,230.76170349121094,322.5904541015625,-5732.35791015625,6961111,56725
376,301.5015563964844,159.4412384033203,230.27430725097656,322.5904541015625,-5732.35791015625,6996643,56876
377,302.5856018066406,151.70872497558594,216.18478393554688,322.5904541015625,-5732.35791015625,7027234,57027
378,301.06390380859375,173.5001983642578,228.42742919921875,322.5904541015625,-5732.35791015625,7061382,57178
379,302.7151184082031,199.1016387939453,235.82737731933594,322.5904541015625,-5732.35791015625,7094814,57329
380,303.1602783203125,202.83567810058594,235.62217712402344,322.5904541015625,-5732.35791015625,7133290,57480
381,307.1372375488281,178.1597137451172,224.9622039794922,322.5904541015625,-5732.35791015625,7171182,57631
382,313.3125,175.1499786376953,232.132568359375,322.5904541015625,-5732.35791015625,7203592,57782
383,300.97589111328125,176.1039276123047,226.5263671875,322.5904541015625,-5732.35791015625,7237471,57933
384,313.5528869628906,210.77374267578125,242.2623748779297,322.5904541015625,-5732.35791015625,7274787,58084
385,314.5475769042969,175.6396942138672,233.44427490234375,322.5904541015625,-5732.35791015625,7308522,58235
386,307.9456481933594,205.34829711914062,241.06471252441406,322.5904541015625,-5732.35791015625,7345459,58386
387,317.17822265625,183.40020751953125,232.98167419433594,322.5904541015625,-5732.35791015625,7380295,58537
388,294.4879150390625,192.4484405517578,234.39117431640625,322.5904541015625,-5732.35791015625,7420688,58688
389,314.19403076171875,217.96859741210938,241.5443115234375,322.5904541015625,-5732.35791015625,7459683,58839
390,311.7232971191406,203.28488159179688,238.42198181152344,322.5904541015625,-5732.35791015625,7502222,58990
391,313.33233642578125,225.32928466796875,239.78895568847656,322.5904541015625,-5732.35791015625,7545495,59141
392,296.0452880859375,214.72364807128906,237.19346618652344,322.5904541015625,-5732.35791015625,7590092,59292
393,302.8538513183594,233.36697387695312,238.0714874267578,322.5904541015625,-5732.35791015625,7636510,59443
394,303.9938049316406,233.35548400878906,241.52081298828125,322.5904541015625,-5732.35791015625,7678844,59594
395,327.9064025878906,225.44656372070312,238.26329040527344,327.9064025878906,-5732.35791015625,7721850,59745
396,324.69207763671875,216.25277709960938,234.51312255859375,327.9064025878906,-5732.35791015625,7768153,59896
397,309.8181457519531,213.93109130859375,235.60914611816406,327.9064025878906,-5732.35791015625,7812636,60047
398,301.9169921875,222.76144409179688,236.97268676757812,327.9064025878906,-5732.35791015625,7857631,60198
399,310.8498229980469,233.9320831298828,240.01223754882812,327.9064025878906,-5732.35791015625,7905869,60349
400,318.6398620605469,203.63754272460938,231.6844482421875,327.9064025878906,-5732.35791015625,7953897,60500
401,309.4617004394531,235.38546752929688,244.58982849121094,327.9064025878906,-5732.35791015625,8001611,60651
402,320.2989196777344,220.90414428710938,237.67193603515625,327.9064025878906,-5732.35791015625,8048035,60802
403,310.36956787109375,231.7909393310547,239.0729522705078,327.9064025878906,-5732.35791015625,8095959,60953
404,320.9142150878906,216.74359130859375,237.6094207763672,327.9064025878906,-5732.35791015625,8145149,61104
405,310.0516357421875,222.61361694335938,231.60206604003906,327.9064025878906,-5732.35791015625,8196794,61255
406,299.3575134277344,219.96644592285156,236.19956970214844,327.9064025878906,-5732.35791015625,8246982,61406
407,311.9735412597656,221.0809783935547,232.85107421875,327.9064025878906,-5732.35791015625,8297722,61557
408,304.87420654296875,209.3284149169922,234.4200897216797,327.9064025878906,-5732.35791015625,8345656,61708
409,317.3642578125,209.43304443359375,232.54502868652344,327.9064025878906,-5732.35791015625,8397325,61859
410,322.20953369140625,230.95823669433594,235.17979431152344,327.9064025878906,-5732.35791015625,8444973,62010
411,306.8009033203125,247.91725158691406,245.15870666503906,327.9064025878906,-5732.35791015625,8491149,62161
412,310.43634033203125,242.404296875,244.878173828125,327.9064025878906,-5732.35791015625,8543436,62312
413,313.6805419921875,246.65025329589844,245.4058380126953,327.9064025878906,-5732.35791015625,8590154,62463
414,319.1073913574219,240.20703125,243.7940216064453,327.9064025878906,-5732.35791015625,8639355,62614
415,311.4434814453125,244.2891845703125,243.24951171875,327.9064025878906,-5732.35791015625,8689939,62765
416,307.5765380859375,244.80795288085938,247.78079223632812,327.9064025878906,-5732.35791015625,8737004,62916
417,305.1552734375,217.24197387695312,235.177001953125,327.9064025878906,-5732.35791015625,8784811,63067
418,312.9808654785156,229.61209106445312,235.93687438964844,327.9064025878906,-5732.35791015625,8834637,63218
419,320.5321044921875,227.82164001464844,238.1663360595703,327.9064025878906,-5732.35791015625,8886571,63369
420,312.7019348144531,245.66619873046875,247.2421112060547,327.9064025878906,-5732.35791015625,8934462,63520
421,309.93621826171875,212.71063232421875,241.94825744628906,327.9064025878906,-5732.35791015625,8980697,63671
422,315.9147644042969,250.09645080566406,251.72775268554688,327.9064025878906,-5732.35791015625,9032812,63822
423,321.9273681640625,252.38914489746094,251.63314819335938,327.9064025878906,-5732.35791015625,9082464,63973
424,319.4295654296875,242.17730712890625,240.95143127441406,327.9064025878906,-5732.35791015625,9136004,64124
425,309.3934020996094,246.43081665039062,245.39207458496094,327.9064025878906,-5732.35791015625,9190977,64275
426,306.5594482421875,245.32350158691406,244.22303771972656,327.9064025878906,-5732.35791015625,9248761,64426
427,314.68505859375,244.14186096191406,246.35057067871094,327.9064025878906,-5732.35791015625,9304553,64577
428,313.4139709472656,234.27149963378906,243.69827270507812,327.9064025878906,-5732.35791015625,9357145,64728
429,316.2162780761719,246.8264617919922,249.31515502929688,327.9064025878906,-5732.35791015625,9418746,64879
430,309.020751953125,228.92056274414062,233.86544799804688,327.9064025878906,-5732.35791015625,9473724,65030
431,325.2294921875,243.17648315429688,240.23854064941406,327.9064025878906,-5732.35791015625,9529850,65181
432,306.6178894042969,251.55355834960938,250.0467987060547,327.9064025878906,-5732.35791015625,9581121,65332
433,313.8764343261719,243.77224731445312,246.9889373779297,327.9064025878906,-5732.35791015625,9632859,65483
434,307.5868225097656,248.21649169921875,247.08509826660156,327.9064025878906,-5732.35791015625,9683190,65634
435,309.4334716796875,254.19601440429688,252.15072631835938,327.9064025878906,-5732.35791015625,9732124,65785
436,312.1639404296875,238.29031372070312,233.299560546875,327.9064025878906,-5732.35791015625,9787382,65936
437,308.5629577636719,247.26402282714844,240.63389587402344,327.9064025878906,-5732.35791015625,9839883,66087
438,315.53594970703125,251.80223083496094,254.22959899902344,327.9064025878906,-5732.35791015625,9887647,66238
439,310.57440185546875,251.79754638671875,246.92518615722656,327.9064025878906,-5732.35791015625,9937532,66389
440,314.5731201171875,248.79078674316406,246.61392211914062,327.9064025878906,-5732.35791015625,9988375,66540
441,308.3020935058594,254.60040283203125,252.40341186523438,327.9064025878906,-5732.35791015625,10038272,66691
442,307.9402770996094,246.4157257080078,252.1139373779297,327.9064025878906,-5732.35791015625,10085711,66842
443,305.240478515625,247.9189453125,243.7960968017578,327.9064025878906,-5732.35791015625,10133025,66993
444,315.2040100097656,250.68922424316406,246.6551055908203,327.9064025878906,-5732.35791015625,10180664,67144
445,314.6322326660156,250.56187438964844,246.96630859375,327.9064025878906,-5732.35791015625,10228163,67295
446,322.2565002441406,255.2899627685547,252.2584228515625,327.9064025878906,-5732.35791015625,10272918,67446
447,318.8741760253906,245.8144073486328,244.27882385253906,327.9064025878906,-5732.35791015625,10328038,67597
448,317.7447814941406,244.0678253173828,245.62588500976562,327.9064025878906,-5732.35791015625,10381493,67748
449,316.53106689453125,239.08294677734375,238.85182189941406,327.9064025878906,-5732.35791015625,10437642,67899
450,315.9296875,254.17242431640625,252.22547912597656,327.9064025878906,-5732.35791015625,10493627,68050
451,313.2787780761719,250.1874542236328,248.08895874023438,327.9064025878906,-5732.35791015625,10543783,68201
452,313.13311767578125,252.71694946289062,252.6206817626953,327.9064025878906,-5732.35791015625,10591342,68352
453,313.8852844238281,252.38352966308594,249.81277465820312,327.9064025878906,-5732.35791015625,10636735,68503
454,319.2207336425781,263.53076171875,257.86688232421875,327.9064025878906,-5732.35791015625,10687880,68654
455,314.3327331542969,253.2544708251953,252.15753173828125,327.9064025878906,-5732.35791015625,10737279,68805
456,315.17181396484375,253.6410675048828,248.1547393798828,327.9064025878906,-5732.35791015625,10791487,68956
457,316.03228759765625,255.17384338378906,247.807373046875,327.9064025878906,-5732.35791015625,10840674,69107
458,313.5845947265625,254.7267608642578,251.87838745117188,327.9064025878906,-5732.35791015625,10890921,69258
459,310.8373718261719,258.1582336425781,254.45193481445312,327.9064025878906,-5732.35791015625,10939637,69409
460,312.86279296875,255.9560089111328,252.92066955566406,327.9064025878906,-5732.35791015625,10988951,69560
461,309.7288818359375,260.44866943359375,258.40325927734375,327.9064025878906,-5732.35791015625,11038817,69711
462,313.37457275390625,258.95849609375,256.609375,327.9064025878906,-5732.35791015625,11085219,69862
463,318.62310791015625,261.1334228515625,255.91156005859375,327.9064025878906,-5732.35791015625,11131461,70013
464,312.8150634765625,261.6573791503906,257.4858703613281,327.9064025878906,-5732.35791015625,11180450,70164
465,322.351806640625,255.1562957763672,249.28041076660156,327.9064025878906,-5732.35791015625,11228211,70315
466,307.2687072753906,257.183349609375,255.28759765625,327.9064025878906,-5732.35791015625,11283679,70466
467,318.7503356933594,256.6523742675781,257.9902648925781,327.9064025878906,-5732.35791015625,11332311,70617
468,302.4797058105469,257.7129211425781,257.2156066894531,327.9064025878906,-5732.35791015625,11381558,70768
469,319.3688049316406,259.0003662109375,255.20986938476562,327.9064025878906,-5732.35791015625,11433523,70919
470,301.9807434082031,253.19749450683594,251.96188354492188,327.9064025878906,-5732.35791015625,11484214,71070
471,320.6404724121094,259.3810119628906,253.66500854492188,327.9064025878906,-5732.35791015625,11536225,71221
472,307.4496154785156,253.9862060546875,251.89956665039062,327.9064025878906,-5732.35791015625,11594009,71372
473,314.6669616699219,258.475830078125,253.66168212890625,327.9064025878906,-5732.35791015625,11646230,71523
474,318.6963806152344,258.6419372558594,256.67987060546875,327.9064025878906,-5732.35791015625,11696415,71674
475,316.2123718261719,261.7039794921875,260.6335144042969,327.9064025878906,-5732.35791015625,11745122,71825
476,309.1130065917969,260.1492614746094,254.58897399902344,327.9064025878906,-5732.35791015625,11799483,71976
477,314.97943115234375,261.568115234375,258.27032470703125,327.9064025878906,-5732.35791015625,11850109,72127
478,325.5909423828125,259.5977783203125,251.3616180419922,327.9064025878906,-5732.35791015625,11903977,72278
479,309.61822509765625,256.99969482421875,251.34890747070312,327.9064025878906,-5732.35791015625,11957003,72429
480,315.6763610839844,257.310791015625,254.70755004882812,327.9064025878906,-5732.35791015625,12006241,72580
481,320.4114074707031,261.2099914550781,257.0000915527344,327.9064025878906,-5732.35791015625,12053348,72731
482,308.6116943359375,257.9907531738281,259.30523681640625,327.9064025878906,-5732.35791015625,12104112,72882
483,308.7780456542969,261.17388916015625,260.5846252441406,327.9064025878906,-5732.35791015625,12155232,73033
484,304.9151916503906,247.4735565185547,243.47097778320312,327.9064025878906,-5732.35791015625,12208562,73184
485,315.6334533691406,251.44741821289062,247.45660400390625,327.9064025878906,-5732.35791015625,12262162,73335
486,304.7900695800781,254.33982849121094,251.49388122558594,327.9064025878906,-5732.35791015625,12313216,73486
487,306.1321716308594,249.34849548339844,247.6121368408203,327.9064025878906,-5732.35791015625,12363576,73637
488,291.4793701171875,251.83424377441406,249.88262939453125,327.9064025878906,-5732.35791015625,12416202,73788
489,309.4049377441406,251.08482360839844,244.71096801757812,327.9064025878906,-5732.35791015625,12466711,73939
490,315.08392333984375,255.48455810546875,249.83692932128906,327.9064025878906,-5732.35791015625,12517650,74090
491,324.3338317871094,254.20098876953125,248.919921875,327.9064025878906,-5732.35791015625,12565399,74241
492,305.0743103027344,253.9175567626953,251.22589111328125,327.9064025878906,-5732.35791015625,12617588,74392
493,308.78875732421875,256.3404541015625,252.9322509765625,327.9064025878906,-5732.35791015625,12669879,74543
494,310.5503845214844,259.169921875,257.9286193847656,327.9064025878906,-5732.35791015625,12722017,74694
495,313.6898498535156,256.28631591796875,252.82342529296875,327.9064025878906,-5732.35791015625,12771796,74845
496,321.9024353027344,257.6660461425781,252.87310791015625,327.9064025878906,-5732.35791015625,12822145,74996
497,309.2830810546875,256.0289001464844,250.95999145507812,327.9064025878906,-5732.35791015625,12872089,75147
498,317.04339599609375,255.75479125976562,250.17318725585938,327.9064025878906,-5732.35791015625,12923294,75298
499,309.0420227050781,253.2953338623047,252.81248474121094,327.9064025878906,-5732.35791015625,12972391,75449
500,313.0113220214844,259.52618408203125,254.58221435546875,327.9064025878906,-5732.35791015625,13024912,75600
501,316.39959716796875,260.941162109375,251.6995086669922,327.9064025878906,-5732.35791015625,13073485,75751
502,319.4051513671875,258.41131591796875,255.25192260742188,327.9064025878906,-5732.35791015625,13117866,75902
503,319.0328369140625,260.874267578125,259.7325439453125,327.9064025878906,-5732.35791015625,13168206,76053
504,311.7021789550781,256.09881591796875,249.26551818847656,327.9064025878906,-5732.35791015625,13213211,76204
505,320.1489562988281,259.7850036621094,256.789794921875,327.9064025878906,-5732.35791015625,13256272,76355
506,313.7394714355469,257.8851013183594,254.0830841064453,327.9064025878906,-5732.35791015625,13304030,76506
507,324.3172607421875,261.3924255371094,258.5941467285156,327.9064025878906,-5732.35791015625,13347258,76657
508,326.1585693359375,259.10076904296875,256.1900634765625,327.9064025878906,-5732.35791015625,13395968,76808
509,326.29925537109375,261.3062438964844,259.5831604003906,327.9064025878906,-5732.35791015625,13440833,76959
510,311.4635925292969,262.67999267578125,258.4674072265625,327.9064025878906,-5732.35791015625,13486882,77110
511,314.4013366699219,259.49224853515625,254.7926483154297,327.9064025878906,-5732.35791015625,13529135,77261
512,311.955078125,262.43035888671875,259.3899841308594,327.9064025878906,-5732.35791015625,13571646,77412
513,313.5204162597656,261.850341796875,258.9566650390625,327.9064025878906,-5732.35791015625,13616409,77563
514,319.386474609375,260.9709777832031,256.808837890625,327.9064025878906,-5732.35791015625,13662709,77714
515,308.9520568847656,259.947265625,258.7038879394531,327.9064025878906,-5732.35791015625,13707174,77865
516,318.24359130859375,261.7281188964844,256.2261962890625,327.9064025878906,-5732.35791015625,13753851,78016
517,312.6390686035156,257.3737487792969,255.12646484375,327.9064025878906,-5732.35791015625,13799287,78167
518,321.0426025390625,259.20361328125,256.3656921386719,327.9064025878906,-5732.35791015625,13841161,78318
519,315.46612548828125,254.14793395996094,249.941162109375,327.9064025878906,-5732.35791015625,13886044,78469
520,316.77099609375,253.83609008789062,246.79615783691406,327.9064025878906,-5732.35791015625,13928920,78620
521,311.0624694824219,255.20175170898438,256.7361755371094,327.9064025878906,-5732.35791015625,13976220,78771
522,316.8055725097656,256.29815673828125,256.0064697265625,327.9064025878906,-5732.35791015625,14022291,78922
523,319.85955810546875,263.6506652832031,259.22186279296875,327.9064025878906,-5732.35791015625,14065454,79073
524,307.39849853515625,257.81488037109375,256.9398498535156,327.9064025878906,-5732.35791015625,14109259,79224
525,314.43853759765625,263.26885986328125,261.5702209472656,327.9064025878906,-5732.35791015625,14155107,79375
526,319.8973083496094,269.48681640625,266.5418701171875,327.9064025878906,-5732.35791015625,14200108,79526
527,316.35906982421875,258.1205139160156,254.70550537109375,327.9064025878906,-5732.35791015625,14244431,79677
528,317.7857666015625,261.5467529296875,259.65631103515625,327.9064025878906,-5732.35791015625,14292172,79828
529,316.0251770019531,256.0195617675781,249.1913604736328,327.9064025878906,-5732.35791015625,14340249,79979
530,321.57867431640625,264.7821044921875,257.90203857421875,327.9064025878906,-5732.35791015625,14386932,80130
531,311.6625061035156,256.58831787109375,253.95396423339844,327.9064025878906,-5732.35791015625,14430826,80281
532,319.0917053222656,260.9826965332031,255.20074462890625,327.9064025878906,-5732.35791015625,14474922,80432
533,324.68939208984375,262.1421203613281,259.1397399902344,327.9064025878906,-5732.35791015625,14522263,80583
534,309.778076171875,254.0570526123047,251.2308807373047,327.9064025878906,-5732.35791015625,14570472,80734
535,314.1730041503906,258.9017028808594,255.91358947753906,327.9064025878906,-5732.35791015625,14614811,80885
536,309.73297119140625,263.0244445800781,259.8306579589844,327.9064025878906,-5732.35791015625,14665909,81036
537,311.0137023925781,257.5768127441406,251.5950469970703,327.9064025878906,-5732.35791015625,14712185,81187
538,307.6117248535156,254.08572387695312,249.00155639648438,327.9064025878906,-5732.35791015625,14761297,81338
539,323.70196533203125,256.2599182128906,253.5883331298828,327.9064025878906,-5732.35791015625,14807882,81489
540,320.2427673339844,265.0447998046875,260.069091796875,327.9064025878906,-5732.35791015625,14856341,81640
541,319.7011413574219,258.7277526855469,257.2548522949219,327.9064025878906,-5732.35791015625,14902783,81791
542,317.2238464355469,265.5127868652344,258.758056640625,327.9064025878906,-5732.35791015625,14951485,81942
543,328.2658386230469,261.6231384277344,257.98468017578125,328.2658386230469,-5732.35791015625,15001456,82093
544,318.61968994140625,262.0003662109375,254.75840759277344,328.2658386230469,-5732.35791015625,15049681,82244
545,318.513916015625,266.5129089355469,262.8485412597656,328.2658386230469,-5732.35791015625,15097765,82395
546,324.5361328125,257.1368103027344,250.33172607421875,328.2658386230469,-5732.35791015625,15149498,82546
547,317.439697265625,259.8582763671875,255.32029724121094,328.2658386230469,-5732.35791015625,15197689,82697
548,322.7281799316406,257.99224853515625,254.26617431640625,328.2658386230469,-5732.35791015625,15242320,82848
549,312.7689514160156,266.5718078613281,260.97882080078125,328.2658386230469,-5732.35791015625,15289447,82999
550,319.4896545410156,258.33233642578125,254.5539093017578,328.2658386230469,-5732.35791015625,15335407,83150
551,316.51348876953125,263.3418884277344,258.3052062988281,328.2658386230469,-5732.35791015625,15380660,83301
552,322.3417053222656,265.1507873535156,260.97418212890625,328.2658386230469,-5732.35791015625,15424667,83452
553,312.860107421875,259.8497009277344,258.1628723144531,328.2658386230469,-5732.35791015625,15469804,83603
554,316.1865539550781,255.87042236328125,250.5590057373047,328.2658386230469,-5732.35791015625,15517662,83754
555,311.87841796875,262.9043273925781,258.3629150390625,328.2658386230469,-5732.35791015625,15563831,83905
556,311.1367492675781,263.8733825683594,261.1629638671875,328.2658386230469,-5732.35791015625,15612974,84056
557,317.3226623535156,259.452392578125,259.8251953125,328.2658386230469,-5732.35791015625,15667374,84207
558,328.4232177734375,262.9161682128906,261.32977294921875,328.4232177734375,-5732.35791015625,15716316,84358
559,312.87457275390625,267.2342529296875,263.864990234375,328.4232177734375,-5732.35791015625,15764574,84509
560,321.35137939453125,268.37158203125,266.99017333984375,328.4232177734375,-5732.35791015625,15818272,84660
561,321.2545166015625,257.7063293457031,254.62208557128906,328.4232177734375,-5732.35791015625,15867325,84811
562,313.14312744140625,266.00927734375,262.377197265625,328.4232177734375,-5732.35791015625,15912815,84962
563,317.5186462402344,262.1624755859375,262.1939392089844,328.4232177734375,-5732.35791015625,15959680,85113
564,311.1568908691406,267.7797546386719,261.4098815917969,328.4232177734375,-5732.35791015625,16002993,85264
565,323.399169921875,264.0072326660156,261.2605285644531,328.4232177734375,-5732.35791015625,16048803,85415
566,314.8304748535156,263.9723815917969,258.896240234375,328.4232177734375,-5732.35791015625,16093437,85566
567,313.03192138671875,267.38299560546875,261.1049499511719,328.4232177734375,-5732.35791015625,16137920,85717
568,312.9798278808594,267.9905090332031,264.3229675292969,328.4232177734375,-5732.35791015625,16184007,85868
569,322.4814453125,264.7906799316406,262.22198486328125,328.4232177734375,-5732.35791015625,16226851,86019
570,311.3050537109375,261.778564453125,257.7506103515625,328.4232177734375,-5732.35791015625,16276709,86170
571,318.6649475097656,269.342041015625,266.1967468261719,328.4232177734375,-5732.35791015625,16326191,86321
572,320.740966796875,264.608642578125,266.5458984375,328.4232177734375,-5732.35791015625,16370321,86472
573,330.5847473144531,265.9387512207031,262.1407165527344,330.5847473144531,-5732.35791015625,16419176,86623
574,310.6898193359375,267.625732421875,262.96209716796875,330.5847473144531,-5732.35791015625,16461643,86774
575,320.4403076171875,262.6820373535156,257.0317077636719,330.5847473144531,-5732.35791015625,16507909,86925
576,318.24462890625,269.89056396484375,266.912353515625,330.5847473144531,-5732.35791015625,16553165,87076
577,322.1342468261719,265.9194641113281,261.2547302246094,330.5847473144531,-5732.35791015625,16603388,87227
578,316.2117004394531,260.8533935546875,258.0520324707031,330.5847473144531,-5732.35791015625,16653464,87378
579,309.7557067871094,262.5870056152344,261.0811462402344,330.5847473144531,-5732.35791015625,16700623,87529
580,318.09088134765625,269.08380126953125,265.3816223144531,330.5847473144531,-5732.35791015625,16750131,87680
581,316.9453125,271.9076232910156,268.14178466796875,330.5847473144531,-5732.35791015625,16793991,87831
582,314.6736755371094,265.38031005859375,261.243896484375,330.5847473144531,-5732.35791015625,16836056,87982
583,313.9937438964844,268.9454345703125,267.0270690917969,330.5847473144531,-5732.35791015625,16876735,88133
584,318.4759521484375,264.2898864746094,262.7823791503906,330.5847473144531,-5732.35791015625,16916155,88284
585,322.93243408203125,268.613525390625,264.8386535644531,330.5847473144531,-5732.35791015625,16958572,88435
586,329.56488037109375,270.6373291015625,266.5553894042969,330.5847473144531,-5732.35791015625,17001840,88586
587,316.99102783203125,266.2784118652344,263.9219970703125,330.5847473144531,-5732.35791015625,17043155,88737
588,313.6361999511719,267.6885986328125,262.7290954589844,330.5847473144531,-5732.35791015625,17085207,88888
589,317.8926086425781,272.6863708496094,269.6667175292969,330.5847473144531,-5732.35791015625,17130172,89039
590,318.37396240234375,264.2913513183594,261.55816650390625,330.5847473144531,-5732.35791015625,17172349,89190
591,317.1300048828125,270.6777038574219,266.51263427734375,330.5847473144531,-5732.35791015625,17212548,89341
592,298.6551208496094,263.3210144042969,260.9957275390625,330.5847473144531,-5732.35791015625,17253664,89492
593,311.9197998046875,266.6546630859375,263.8131408691406,330.5847473144531,-5732.35791015625,17294600,89643
594,313.38385009765625,276.4327392578125,271.9170227050781,330.5847473144531,-5732.35791015625,17333765,89794
595,315.21417236328125,267.23486328125,264.5610656738281,330.5847473144531,-5732.35791015625,17375030,89945
596,323.9750671386719,268.7397155761719,263.4118957519531,330.5847473144531,-5732.35791015625,17415981,90096
597,318.6300964355469,267.9672546386719,264.1166076660156,330.5847473144531,-5732.35791015625,17457983,90247
598,313.6119079589844,273.4825744628906,270.35418701171875,330.5847473144531,-5732.35791015625,17498220,90398
599,316.3365478515625,266.3871154785156,261.2853698730469,330.5847473144531,-5732.35791015625,17540526,90549
600,323.9371032714844,272.14434814453125,268.91522216796875,330.5847473144531,-5732.35791015625,17584037,90700
601,310.6446533203125,267.32342529296875,264.7823486328125,330.5847473144531,-5732.35791015625,17625143,90851
602,320.2218017578125,265.73046875,263.1110534667969,330.5847473144531,-5732.35791015625,17664946,91002
603,321.3381652832031,272.95574951171875,271.83367919921875,330.5847473144531,-5732.35791015625,17704226,91153
604,321.81976318359375,269.8063049316406,266.6129150390625,330.5847473144531,-5732.35791015625,17744223,91304
605,314.60650634765625,268.2877502441406,264.05084228515625,330.5847473144531,-5732.35791015625,17790294,91455
606,320.54791259765625,268.8770751953125,266.4268798828125,330.5847473144531,-5732.35791015625,17833221,91606
607,316.5714416503906,273.1402282714844,269.6871337890625,330.5847473144531,-5732.35791015625,17875889,91757
608,315.901123046875,267.6417236328125,264.6831359863281,330.5847473144531,-5732.35791015625,17921742,91908
609,318.1312255859375,264.69775390625,263.19525146484375,330.5847473144531,-5732.35791015625,17963527,92059
610,315.476806640625,270.8798828125,266.86346435546875,330.5847473144531,-5732.35791015625,18012133,92210
611,324.0949401855469,267.9484558105469,266.1563720703125,330.5847473144531,-5732.35791015625,18056638,92361
612,316.8570861816406,274.59783935546875,271.9998474121094,330.5847473144531,-5732.35791015625,18099418,92512
613,314.072265625,262.9386901855469,259.35491943359375,330.5847473144531,-5732.35791015625,18140901,92663
614,318.229248046875,268.7442321777344,265.8569641113281,330.5847473144531,-5732.35791015625,18187210,92814
615,306.9883728027344,269.0038146972656,266.4790344238281,330.5847473144531,-5732.35791015625,18231680,92965
616,310.7410583496094,267.8387756347656,266.8392028808594,330.5847473144531,-5732.35791015625,18282103,93116
617,321.26165771484375,264.9293212890625,264.0028381347656,330.5847473144531,-5732.35791015625,18329447,93267
618,309.44073486328125,268.353515625,267.7244873046875,330.5847473144531,-5732.35791015625,18382887,93418
619,317.35626220703125,270.49591064453125,266.126708984375,330.5847473144531,-5732.35791015625,18431179,93569
620,309.736328125,268.93829345703125,265.8042297363281,330.5847473144531,-5732.35791015625,18476787,93720
621,320.2364501953125,268.93017578125,267.245849609375,330.5847473144531,-5732.35791015625,18520390,93871
622,320.06146240234375,267.6391296386719,262.09124755859375,330.5847473144531,-5732.35791015625,18566906,94022
623,311.4663391113281,264.8314514160156,260.44293212890625,330.5847473144531,-5732.35791015625,18614992,94173
624,314.35223388671875,267.1274108886719,264.4840087890625,330.5847473144531,-5732.35791015625,18663250,94324
625,310.30712890625,264.9031982421875,260.5625915527344,330.5847473144531,-5732.35791015625,18710823,94475
626,313.7789611816406,263.8875732421875,261.4361267089844,330.5847473144531,-5732.35791015625,18758963,94626
627,315.62109375,263.890625,262.8783874511719,330.5847473144531,-5732.35791015625,18810479,94777
628,311.1997985839844,268.3564147949219,263.3192443847656,330.5847473144531,-5732.35791015625,18866725,94928
629,312.84136962890625,267.41949462890625,264.3214416503906,330.5847473144531,-5732.35791015625,18918931,95079
630,318.81195068359375,273.25738525390625,273.3448486328125,330.5847473144531,-5732.35791015625,18970987,95230
631,319.27496337890625,272.4976501464844,268.6882019042969,330.5847473144531,-5732.35791015625,19015943,95381
632,312.8253173828125,267.4991149902344,267.5112609863281,330.5847473144531,-5732.35791015625,19060427,95532
633,307.47705078125,263.7353210449219,262.21429443359375,330.5847473144531,-5732.35791015625,19109474,95683
634,313.5400390625,267.3868103027344,263.8568115234375,330.5847473144531,-5732.35791015625,19150468,95834
635,324.2311706542969,269.71533203125,266.0414733886719,330.5847473144531,-5732.35791015625,19196011,95985
636,317.9847106933594,269.68707275390625,265.5865783691406,330.5847473144531,-5732.35791015625,19240084,96136
637,315.6271057128906,268.9606628417969,265.65606689453125,330.5847473144531,-5732.35791015625,19287045,96287
638,309.5320129394531,268.0926818847656,267.1552429199219,330.5847473144531,-5732.35791015625,19334059,96438
639,315.3323669433594,269.25946044921875,265.13824462890625,330.5847473144531,-5732.35791015625,19383352,96589
640,321.1316833496094,268.6007385253906,264.29736328125,330.5847473144531,-5732.35791015625,19431216,96740
641,325.08905029296875,267.9653015136719,266.2572937011719,330.5847473144531,-5732.35791015625,19478156,96891
642,324.23626708984375,269.68878173828125,267.5711669921875,330.5847473144531,-5732.35791015625,19523620,97042
643,320.3903503417969,271.9774169921875,267.70245361328125,330.5847473144531,-5732.35791015625,19569986,97193
644,311.01806640625,266.9671936035156,263.832763671875,330.5847473144531,-5732.35791015625,19615613,97344
645,324.9297180175781,268.7408142089844,263.5447692871094,330.5847473144531,-5732.35791015625,19660823,97495
646,322.6036071777344,266.7026062011719,261.315673828125,330.5847473144531,-5732.35791015625,19706156,97646
647,316.0283203125,268.3456726074219,266.8760681152344,330.5847473144531,-5732.35791015625,19754223,97797
648,317.5086364746094,263.1639709472656,262.1568298339844,330.5847473144531,-5732.35791015625,19806475,97948
649,324.4488830566406,270.756591796875,267.2921447753906,330.5847473144531,-5732.35791015625,19855957,98099
650,318.9259033203125,272.3811950683594,271.28271484375,330.5847473144531,-5732.35791015625,19901763,98250
651,316.5219421386719,262.5587158203125,257.2310485839844,330.5847473144531,-5732.35791015625,19952448,98401
652,315.83746337890625,270.36737060546875,270.6184997558594,330.5847473144531,-5732.35791015625,20003387,98552
653,316.3824462890625,270.1057434082031,267.6589050292969,330.5847473144531,-5732.35791015625,20052772,98703
654,317.2471008300781,270.9043273925781,267.1880187988281,330.5847473144531,-5732.35791015625,20098443,98854
655,318.703369140625,267.6136474609375,265.31524658203125,330.5847473144531,-5732.35791015625,20151217,99005
656,316.2129211425781,268.7690124511719,267.5564880371094,330.5847473144531,-5732.35791015625,20199101,99156
657,303.1279296875,265.2469177246094,264.751220703125,330.5847473144531,-5732.35791015625,20250109,99307
658,321.60650634765625,272.58380126953125,268.6112365722656,330.5847473144531,-5732.35791015625,20296598,99458
659,315.9985656738281,270.99835205078125,266.5214538574219,330.5847473144531,-5732.35791015625,20344425,99609
660,315.5428771972656,271.27362060546875,269.0845031738281,330.5847473144531,-5732.35791015625,20399818,99760
661,321.93927001953125,271.8946228027344,267.32745361328125,330.5847473144531,-5732.35791015625,20452890,99911
662,332.552734375,266.4332275390625,264.8314514160156,332.552734375,-5732.35791015625,20502844,100062
663,310.48309326171875,267.8218688964844,263.6168518066406,332.552734375,-5732.35791015625,20553917,100213
664,321.55194091796875,270.1387634277344,269.9809265136719,332.552734375,-5732.35791015625,20600798,100364
665,317.0528869628906,265.3648376464844,261.8836364746094,332.552734375,-5732.35791015625,20648086,100515
666,328.48016357421875,266.1499328613281,261.6357116699219,332.552734375,-5732.35791015625,20700350,100666
667,315.1000671386719,262.7377624511719,256.6826477050781,332.552734375,-5732.35791015625,20755888,100817
668,321.9402160644531,265.8445129394531,264.66009521484375,332.552734375,-5732.35791015625,20808481,100968
669,311.2613830566406,263.5188293457031,257.77655029296875,332.552734375,-5732.35791015625,20860145,101119
670,326.9998779296875,266.4165954589844,264.5090637207031,332.552734375,-5732.35791015625,20908957,101270
671,321.8258361816406,271.1775817871094,265.6773986816406,332.552734375,-5732.35791015625,20959228,101421
672,321.7245178222656,271.70928955078125,265.5351257324219,332.552734375,-5732.35791015625,21004237,101572
673,321.4271545410156,271.2955322265625,267.5200500488281,332.552734375,-5732.35791015625,21052032,101723
674,320.5211486816406,271.88677978515625,266.2169189453125,332.552734375,-5732.35791015625,21100844,101874
675,329.61676025390625,266.008544921875,264.3818664550781,332.552734375,-5732.35791015625,21150824,102025
676,325.775390625,269.97393798828125,264.5622863769531,332.552734375,-5732.35791015625,21197046,102176
677,322.923828125,268.8433532714844,266.90234375,332.552734375,-5732.35791015625,21252900,102327
678,316.2894592285156,265.6102600097656,260.3297119140625,332.552734375,-5732.35791015625,21301413,102478
679,320.6292419433594,269.4532165527344,264.1494445800781,332.552734375,-5732.35791015625,21352698,102629
680,316.61773681640625,270.2303466796875,265.5088195800781,332.552734375,-5732.35791015625,21402012,102780
681,317.947021484375,270.9951171875,265.7285461425781,332.552734375,-5732.35791015625,21448297,102931
682,316.7192077636719,272.5344543457031,269.4753723144531,332.552734375,-5732.35791015625,21494830,103082
683,318.447265625,268.7378234863281,264.84698486328125,332.552734375,-5732.35791015625,21541940,103233
684,318.4155578613281,272.2103576660156,268.41070556640625,332.552734375,-5732.35791015625,21591697,103384
685,316.3805236816406,264.69012451171875,260.7623291015625,332.552734375,-5732.35791015625,21639292,103535
686,316.9457092285156,270.49468994140625,267.79046630859375,332.552734375,-5732.35791015625,21686496,103686
687,315.17218017578125,267.0985107421875,261.8580017089844,332.552734375,-5732.35791015625,21734154,103837
688,322.7940673828125,265.0511474609375,261.25274658203125,332.552734375,-5732.35791015625,21783124,103988
689,323.2092590332031,268.1348571777344,266.4614562988281,332.552734375,-5732.35791015625,21832022,104139
690,320.4471740722656,271.86114501953125,267.6278991699219,332.552734375,-5732.35791015625,21878227,104290
691,321.3680114746094,270.02593994140625,267.7448425292969,332.552734375,-5732.35791015625,21927689,104441
692,321.5896301269531,268.2615051269531,265.78314208984375,332.552734375,-5732.35791015625,21978601,104592
693,319.5335998535156,274.9330139160156,271.2115173339844,332.552734375,-5732.35791015625,22028360,104743
694,317.8338928222656,270.551025390625,267.3912048339844,332.552734375,-5732.35791015625,22076422,104894
695,317.7333984375,266.9149169921875,262.35125732421875,332.552734375,-5732.35791015625,22123253,105045
696,324.7649230957031,271.7077941894531,270.17803955078125,332.552734375,-5732.35791015625,22170177,105196
697,311.5791015625,270.3472900390625,266.5436096191406,332.552734375,-5732.35791015625,22218006,105347
698,322.2326354980469,275.94635009765625,272.98846435546875,332.552734375,-5732.35791015625,22262591,105498
699,315.1848449707031,271.00152587890625,268.45379638671875,332.552734375,-5732.35791015625,22308162,105649
700,319.05242919921875,271.7427673339844,269.4564208984375,332.552734375,-5732.35791015625,22353245,105800
701,314.654541015625,269.0133972167969,264.7871398925781,332.552734375,-5732.35791015625,22403558,105951
702,317.74853515625,275.3892517089844,270.5952453613281,332.552734375,-5732.35791015625,22449807,106102
703,316.6272277832031,268.307373046875,265.12445068359375,332.552734375,-5732.35791015625,22496038,106253
704,326.10028076171875,268.9926452636719,263.7607421875,332.552734375,-5732.35791015625,22540390,106404
705,324.2846374511719,274.92315673828125,268.96533203125,332.552734375,-5732.35791015625,22585804,106555
706,312.271728515625,273.2906188964844,271.01312255859375,332.552734375,-5732.35791015625,22631487,106706
707,324.0188293457031,271.7983093261719,270.5187683105469,332.552734375,-5732.35791015625,22681583,106857
708,321.1200866699219,273.4805908203125,270.1053771972656,332.552734375,-5732.35791015625,22725507,107008
709,325.13671875,269.58343505859375,267.0911865234375,332.552734375,-5732.35791015625,22769300,107159
710,320.13702392578125,274.18035888671875,271.1564025878906,332.552734375,-5732.35791015625,22814921,107310
711,322.4766845703125,272.15106201171875,266.91156005859375,332.552734375,-5732.35791015625,22860419,107461
712,324.1053771972656,269.388427734375,267.01873779296875,332.552734375,-5732.35791015625,22908660,107612
713,316.87823486328125,273.0103454589844,269.61724853515625,332.552734375,-5732.35791015625,22951906,107763
714,327.4511413574219,273.6732177734375,269.8973693847656,332.552734375,-5732.35791015625,22998587,107914
715,313.90350341796875,272.8509216308594,271.7809143066406,332.552734375,-5732.35791015625,23049693,108065
716,312.1359558105469,266.9467468261719,264.7275390625,332.552734375,-5732.35791015625,23099286,108216
717,308.81207275390625,265.0381774902344,262.5271301269531,332.552734375,-5732.35791015625,23147411,108367
718,315.3326721191406,269.8716735839844,267.9265441894531,332.552734375,-5732.35791015625,23194228,108518
719,319.98760986328125,273.04156494140625,271.7268371582031,332.552734375,-5732.35791015625,23241743,108669
720,319.387939453125,269.2031555175781,263.06549072265625,332.552734375,-5732.35791015625,23285263,108820
721,316.5806884765625,272.56817626953125,270.06475830078125,332.552734375,-5732.35791015625,23331059,108971
